name,email,Phone,Studentid,Department
BHASKAR BEHERA,rcocks0@merriam-webster.com,4321640773,23110009,Electrical
ASHUTOSH PATRA,phaskell1@seattletimes.com,6637055506,23110200,E&IE
SHUVENDU KUMAR MOHAPATRA,mwethered2@uol.com.br,6241561336,23110235,Computer Science
SAMBIT MALLICK,brikard3@mapy.cz,3291883296,23110229,BioTech
GULSAN MATHAN,thollibone4@t-online.de,8493325376,23110211,BioTech
SOUMESH SUMAN MURMU,hdrewet5@friendfeed.com,4527235365,23110239,IT
SAMBIT MISHRA,lembury6@parallels.com,8644026262,23110230,IT
JYOTIRAJ JENA,tqueree7@who.int,9816420522,23130003,BioTech
ADITYA DASH,ahyett8@kickstarter.com,1166853196,23110254,Textile
PRITAM KUMAR SAHU,scalver9@chronoengine.com,1726785704,23130005,IT
GIRIJA SHANKAR BEHERA,jvedishcheva@goo.ne.jp,5662069950,23110014,Computer Science
AADARSH MISHRA,gmcclounanb@icio.us,1024597844,23110001,Civil
G. ADWEITA PRADHAN,rmotionc@domainmarket.com,9658273332,23110087,Civil
AMIT KUMAR DHIR DEO SAMANTA,mrangeleyd@mysql.com,9352574909,23110051,Textile
UJWAL KUMAR SWAIN,ctrattone@mozilla.org,2382568350,23110249,Computer Science
ARPITA PATTNAIK,pmorrallf@accuweather.com,6798604652,23110058,IT
STHITIPRAGYAN BEHERA,cmacgillivrayg@ocn.ne.jp,5269656738,23110035,Textile
MADHUSMITA SAHOO,wgrethamh@vk.com,2552679428,23130004,IT
SOUMYA RANJAN SENAPATI,gcovenyi@ehow.com,3441443655,23110241,Mechanical
SOUMIK DWIBEDY,jrupprechtj@jiathis.com,9122392668,23110240,Computer Science
ASHUTOSH PADHY,plusheyk@pcworld.com,5631163448,23110260,Civil
AMAN KUMAR SINGH,clindll@mozilla.org,9355438832,23110049,BioTech
CH PRERANA SUBUDHI,slegravem@printfriendly.com,1626616512,23110077,E&IE
NEELAM MISRA,mquoitn@sun.com,4151281767,23110218,Civil
SOUMEN NANDA,rcollinwoodo@cloudflare.com,8919647428,23140013,Electrical
PRATEEKSHYA SWAIN,ntrundellp@gov.uk,3795350522,23140007,IT
CHINMAYA BARIK,wgeachq@naver.com,4055342841,23110079,Textile
ANOUSHKA,bsuettr@webeden.co.uk,3633944419,23110006,BioTech
LIPAKSHI PANDA,qmathiots@wiley.com,3319773919,23110215,Computer Science
ARPITA BEHERA,asottellt@csmonitor.com,2947441207,23110057,E&IE
BHAGYASRI SAHOO,bbeeu@wix.com,9685340054,23110072,Civil
CHINMAYEE DAS,hbroadisv@army.mil,2579679633,23110263,E&IE
PRACHYA SUMAN DAS,ggrishuninw@princeton.edu,8441349435,23110220,Mechanical
AYUSH BHANJA DEO,gjohantgesx@mapy.cz,3605374270,23110065,IT
BIBHU RANJAN SWAIN,jshiptony@plala.or.jp,1869610471,23110073,AIML
SMRUTI SOURAV SAHOO,ppigeonz@redcross.org,2173515370,23110236,BioTech
CHINMAY CHIRA SUNDAR KAR,skirwan10@accuweather.com,3767711707,23110078,AIML
ROSHNI MISHRA,aennion11@google.co.jp,3632147419,23140010,AIML
DIBVYANSU SWAIN,dcahen12@nationalgeographic.com,1274611060,23110082,Civil
BIDYANSHU OJHA,bsybbe13@aboutads.info,9729814107,23140003,E&IE
PRATYUSH KUMAR PANDA,ssamudio14@wikispaces.com,6466246887,23110024,Civil
ARUNA UDAY DASH,lhamshaw15@unc.edu,4873283757,23110059,Electrical
DIBYA DISHA SAHOO,eblease16@usnews.com,3484545688,23110266,Ai & Robotics
MANISHA SAHU,bstarton17@nymag.com,9714128238,23110018,BioTech
SOHAN PRADHAN,kthumnel18@bbb.org,6917217344,23110032,Textile
ADRUTI ANJUM NANDA,tmacgillespie19@vinaora.com,7166147803,23110043,Computer Science
BIJAYALAXMI PRIYADARSANI,mbreazeall1a@alibaba.com,7226171242,23110010,Computer Science
ANUBHAV MOHAPATRA,cfearfull1b@auda.org.au,8824004218,23110056,Computer Science
PRAKASH KUMAR MALLIK,eo1c@comcast.net,1159074393,23110221,Computer Science
HUBHASHREE SHUBHASMITA PRADHA,aluffman1d@pinterest.com,2023109519,23110145,Computer Science
AFTAB ALAM,rfroom1e@europa.eu,3232292926,23110004,AIML
MAHESWARI VAISHNO ROUT,spavis1f@chronoengine.com,3184891007,23110217,IT
ABHISHEK PATI,edane1g@aol.com,7849836537,23110252,AIML
BISWAMBADA SAHOO,rgodart1h@joomla.org,2032606548,23110076,Ai & Robotics
RUDRA PRAKASH BEHERA,bdearman1i@aboutads.info,2578527224,23110127,BioTech
ANIBESH PADHY,mchasles1j@fc2.com,8832026083,23110054,E&IE
AYUSH ROY,cklejna1k@ovh.net,6612058646,23110067,Computer Science
ROSHINI SAHOO,vgrieves1l@hatena.ne.jp,5716778802,23140009,BioTech
ANSU RANIT KERKETTA,ddee1m@flickr.com,9164968240,23110259,Mechanical
S . PRATYUSH,lcharrier1n@networksolutions.com,3769710901,23110129,Mechanical
SURYASNAT BISWAL,mbroad1o@php.net,7464506501,23110244,Ai & Robotics
BARSHA PRIYADARSHINI SETHI,mstilliard1p@msn.com,7104972904,23110069,Ai & Robotics
RUDRA MADHAB SAHU,lhurran1q@java.com,7379088117,23110126,E&IE
ANUPAMA SINGH,cwolfendale1r@cyberchimps.com,2754870010,23140002,Ai & Robotics
DIGBIJAY MAHAPATRA,dfifoot1s@uiuc.edu,9631571438,23110083,Electrical
ALPANA SAHOO,eclancy1t@jiathis.com,3994395362,23110048,Mechanical
RUHANEE RATH,modonoghue1u@census.gov,7681546797,23140011,E&IE
DIVYA RANJAN PANDA,mcoltart1v@linkedin.com,7347018856,23110084,Textile
SOUBHGYA RANJAN SAHOO,btouret1w@example.com,7146904453,23110238,Civil
AYUSH NAYAK,zantoni1x@ted.com,6847920733,23110066,Computer Science
CHUMUKI MAHARANA,cwandrack1y@geocities.com,5305244957,23110080,Electrical
SASWAT MOHANTY,vsevier1z@nydailynews.com,9753577503,23110140,Electrical
SOUMYA RANJAN NAIK,bpearsey20@toplist.cz,7715711804,23110153,BioTech
SOURAV SATAPATHY,lgrollmann21@home.pl,5059159062,23110157,Electrical
GIRISH NANDA PANDA,miglesia22@usda.gov,9758908357,23110209,Civil
SATYAJIT BEHERA,kharman23@google.nl,7289072372,23110141,BioTech
SUSHREE SUBHALAXMI MISHRA,ahenken24@msn.com,1078874376,23110170,Ai & Robotics
AMIT KUMAR BAHALA,oboat25@1und1.de,3614677168,23110050,Computer Science
ABHINANDAN SAHU,ballmond26@admin.ch,8126164570,23110250,BioTech
HARSITA MOHANTY,ltolemache27@netscape.com,5994974712,23110212,BioTech
AYUSH MOHARANA,csinnie28@taobao.com,5431452213,23110008,Textile
SARANSHA MOHANTY,vmablestone29@blog.com,4661584290,23130006,Mechanical
PRATYUSHA SATPATHY,jgrazier2a@feedburner.com,7081925757,23110223,AIML
SRIPARNA SOHINI MAHAPATRA,dburg2b@t-online.de,7851159255,23110159,Electrical
ARYAVARDHAN MISHRA,agarlee2c@forbes.com,9521540669,23110062,Mechanical
ASIT SAHOO,gdrewes2d@about.com,9318355296,23110261,Electrical
ALIVA BHUYAN,mstockwell2e@theguardian.com,7545628654,23110258,Mechanical
CHIDANANDA SAHOO,mrockhall2f@army.mil,3516313564,23110012,Mechanical
ABU NOOR AL SABA,bdusey2g@nbcnews.com,5573442480,23110253,Ai & Robotics
ALEX RAJ MINJ,varunowicz2h@jigsy.com,5272899810,23110257,BioTech
SATYABRAT JENA,epossell2i@newyorker.com,8243275476,23110232,Textile
LIPSA BEHERA,hocriane2j@netscape.com,1366003555,23110216,IT
UDAYA BHANU RATH,cbrindle2k@eepurl.com,5374913250,23110248,Ai & Robotics
BHABYABHANU SWAIN,rgiraldez2l@jigsy.com,9912760456,23110070,Mechanical
RAMRAY TUDU,dlydiate2m@hubpages.com,4424489281,23110026,Textile
SWAYAMSHREE MOHAPATRA,wwestmorland2n@digg.com,3003577413,23110180,Civil
SOHAM LENKA,ckarlicek2o@howstuffworks.com,5621058592,23110148,Electrical
SHEETAL TRIPATHY,ddunseath2p@salon.com,7911100535,23140012,Computer Science
SASWAT DAS,ogeekie2q@nydailynews.com,1302723143,23110138,Textile
BHAGYASHREE MAJHI,jhold2r@hostgator.com,2392093151,23110071,AIML
ASTHA DAKHINRAY,cpickrell2s@reddit.com,1859465583,23110201,IT
SAMBHAB PANDA,bbusfield2t@cloudflare.com,1347269283,23110134,Civil
APURBA PRADHAN,dlindstedt2u@nytimes.com,9116469315,23110007,IT
SWETA SUMAN MAJHI,cgurnell2v@imageshack.us,1389142584,23110182,Civil
IPSITA MAHAPATRO,imaudlen2w@yolasite.com,3278338342,23110273,Civil
SWETA SUMAN MAHAPATRA,nheselwood2x@github.io,5933578994,23110181,BioTech
ALOK MALIK,cdebow2y@harvard.edu,7704836533,23110047,Electrical
ISHAN KUMAR NANDA,lnetting2z@ustream.tv,8501248691,23140004,BioTech
ASMA FAJAL,bcherry30@mtv.com,6294869743,23110064,Electrical
SAISWARUP KRISHNA KUMAR NAIK,cpatis31@pagesperso-orange.fr,9928749898,23110133,Computer Science
AMIT NAIK,ttayspell32@wikipedia.org,9911923145,23110052,Civil
ASHUTOSH R PADHY,lfranchioni33@dyndns.org,5957942864,23110063,E&IE
SWASTIK PATNAIK,gkropp34@amazon.com,9522881462,23110246,Computer Science
ARYAN VANUPRATAP,trigby35@qq.com,8009808988,23110198,BioTech
SWATISHREE MUDULI,feles36@google.com,1424853431,23110179,Ai & Robotics
SUBHAM DAS,fwiffield37@noaa.gov,9929790214,23110162,BioTech
ANANYA SUBUDHI,mloxley38@alibaba.com,2492239995,23110005,AIML
DEBASIS PANDA,bbrooking39@surveymonkey.com,8437150350,23110264,BioTech
JASWANT DAKUA,vgillet3a@miitbeian.gov.cn,7885534375,23110274,Mechanical
SREYANSU BEHERA,kkaminski3b@mozilla.com,8311273992,23110158,BioTech
SARTHAK MISHRA,pcainey3c@fema.gov,7337286451,23110029,IT
ROHIT KUMAR ROUT,enewey3d@networkadvertising.org,7563721100,23110027,Civil
GOURI BASKEY,thearne3e@pbs.org,2276386766,23110270,IT
TRUPTI SINGH,malvar3f@harvard.edu,7905491118,23140019,E&IE
ADYASHA DAS,hidale3g@nsw.gov.au,1722903953,23110044,Mechanical
SUNITA SWAIN,cmcgilbon3h@umn.edu,1144907364,23140016,Ai & Robotics
LIPISMITA NAIK,apapen3i@yahoo.com,4649945453,23110016,Mechanical
ADITYA PARAMANIK,pmccurlye3j@ezinearticles.com,9262610739,23110255,Computer Science
SAHEEL SUMAN BHUYAN,troscam3k@biglobe.ne.jp,5159713228,23110130,BioTech
SOUMYA PRIYADARSINI,ckulas3l@vistaprint.com,3504370112,23110151,IT
SUNIL KUMAR MALIK,lmahood3m@youtu.be,2236901809,23140015,Textile
SOM SHUBHAM SAHU,ifillary3n@oakley.com,4857554235,23110237,BioTech
ABHIPSIT MISHRA,rbemand3o@addthis.com,6577500173,23110002,Ai & Robotics
AKANKSHYA PRIYADARSHINI,agrono3p@forbes.com,1898111324,23110046,IT
GAYATRI SETHI,mmathen3q@wired.com,2897341298,23110013,Electrical
AMRUTANSHU NAYAK,mtunna3r@wikipedia.org,5366862994,23110190,AIML
BISWAJIT ROUT,tthickpenny3s@netscape.com,9342341024,23110075,Computer Science
PRATYUSH ROUT,kyanez3t@vkontakte.ru,5736766414,23110222,IT
GYANA PRAKASH DAS,cdoogan3u@walmart.com,1874203410,23110271,AIML
ABHISHEK MOHANTY,imadelin3v@nifty.com,9987926476,23110251,AIML
SURAJ KUMAR DAS,chorlock3w@usda.gov,5784133403,23110243,Electrical
ANUP KUMAR SOREN,lpinshon3x@amazon.de,9386222611,23130001,AIML
SWETALINA SAHOO,zcreedland3y@google.ru,4652638185,23140017,Civil
TAMANNA PATI,ftallowin3z@java.com,2593120611,23140018,Civil
DEBAPRASAD PANDA,cplease40@abc.net.au,8502975153,23110081,E&IE
ROJALIN ROUT,aelphinston41@deviantart.com,7383887327,23110125,Electrical
ARYANANDINI PRADHAN,bkloisner42@cafepress.com,5957177402,23110061,Civil
PRATYUSH KUMAR PRADHAN,msewter43@dyndns.org,3377502952,23140008,Mechanical
ANANYA SUBHADARSHINI,mhartley44@comcast.net,3623137084,23110053,Electrical
BARADA PRASAD MISHRA,rcoye45@comsenz.com,8142243167,23110068,Mechanical
SWASTI SWEKER,dcastel46@histats.com,1779506773,23110245,BioTech
PRACHI PRATYASA,ldictus47@blinklist.com,4594318588,23110106,E&IE
OM AMITANSHU PRUSTY,mmattingson48@ftc.gov,8384055559,23110020,Ai & Robotics
JYOTIPRAKASH BEHERA,nnutbeam49@google.com.br,3937151690,23110093,Mechanical
SWATI PRIYA GARNAYAK,saleksankov4a@domainmarket.com,2673117935,23110177,E&IE
ABHISHEK BHATTACHARJEE,kpeople4b@trellian.com,9294242495,23110003,Mechanical
SONALI MAJHI,cweek4c@istockphoto.com,3225366128,23130008,E&IE
AJANYA SAHOO,tfalkner4d@sohu.com,4481666196,23110045,AIML
PARIMI DEEPIKA,bguichard4e@npr.org,1788012709,23110021,Textile
SUSHREE SWAGATIKA BEHERA,jmcallaster4f@sitemeter.com,4171764129,23130010,Textile
SRIYA JENA,mmenchenton4g@t-online.de,9897907451,23110161,Electrical
ADITYA DIKSHIT,vwiz4h@baidu.com,9334011062,23110188,E&IE
GOPAL KRUSHNA MOHANTY,fchanner4i@discovery.com,6319263083,23110088,Textile
DIVYAJYOTI GHADAI,jmarkova4j@nydailynews.com,1507089150,23110269,E&IE
BUDDHADEB BAL,ebartell4k@statcounter.com,2686739330,23110205,IT
OMM PRAKASH NAYAK,ncreebo4l@vimeo.com,7213163829,23110105,Textile
BISHNU PRASAD NAYAK,jdoornbos4m@cargocollective.com,6066577462,23110011,IT
ADITYA PRAKASH ACHARYA,dgoodlad4n@goo.ne.jp,5709119723,23110041,Electrical
SUSHANTA KUMAR MAHANTA,bkline4o@google.nl,2486810125,23110037,Civil
AYUSH KUMAR BARIK,tfoulser4p@stumbleupon.com,6437965518,23110262,Ai & Robotics
NIKITA PRIYADARSHINI,cganford4q@bandcamp.com,7231400076,23140006,Textile
SRITISH SOURAV MISHRA,aportman4r@tiny.cc,2263787117,23110160,E&IE
SOURAV KALYAN DASH,rstilgoe4s@ted.com,2236889012,23110156,IT
ASHUTOSH BHOI,wpeltz4t@nifty.com,5106272510,23110199,Textile
RITIKA DHAL,mafield4u@exblog.jp,9713903981,23110122,Ai & Robotics
SULAGNA SAHOO,lwiburn4v@mtv.com,9786940629,23140014,Computer Science
SRIOM KUMAR TRIPATHY,twhittington4w@hibu.com,6378392538,23110033,IT
ADITYA PREETAM,ubrandoni4x@bigcartel.com,4264780677,23110042,Mechanical
UDIT SANKAR BEHERA,dbaiden4y@nba.com,3567980356,23110185,BioTech
SHASHWAT KUMAR SAHOO,bchritchley4z@simplemachines.org,5355151634,23130007,IT
ANISHA NAIK,dtiddeman50@google.com.au,4764927908,23110055,E&IE
BIPLAB SAMANTARAY,twesthofer51@tmall.com,1942029255,23110074,Ai & Robotics
ABHIJIT SAHOO,imichele52@walmart.com,5768368887,23110038,Ai & Robotics
SAMPURNA BISWAL,lconsidine53@yelp.com,8127261367,23110136,E&IE
HEMANT XALXO,gglander54@cam.ac.uk,6884623083,23110272,IT
AMITH KUMAR,dosborne55@smh.com.au,3887752484,23140001,Computer Science
SRIMAN SUBHAM,vglynn56@ocn.ne.jp,2022543834,23130009,AIML
ARYAN BEHERA,rtobin57@miibeian.gov.cn,9048130988,23110060,Computer Science
ABHIJIT SAMAL,bscandrick58@free.fr,4135867837,23110039,Mechanical
PRATYUSH PRADHAN,mmcconnel59@feedburner.com,6144945790,23110112,Mechanical
SANDIP BEHERA,lfanning5a@tamu.edu,6442117171,23110137,BioTech
PRITAM NAYAK,pdotterill5b@statcounter.com,9536379853,23110115,Civil
RASHMI RANJAN PANDA,jjzhakov5c@hao123.com,1818746247,23110228,AIML
DINESH CHANDRA MOHANTY,sstoeckle5d@dailymail.co.uk,5477989193,23110268,AIML
SUBHAM MISHRA,npitchford5e@nymag.com,6804727422,23110164,Ai & Robotics
LABANYAJEET KAR,mdriussi5f@home.pl,9348163466,23110015,E&IE
AYUSH MISHRA,jraunds5g@hao123.com,8068537468,23110202,Electrical
SWADESH GAURAV SETHI,fkynoch5h@redcross.org,1684671635,23110172,Electrical
SRISTI STHITI DHAL,sbraghini5i@myspace.com,5007577591,23110242,AIML
SWATI SAHOO,fpankhurst5j@irs.gov,9298923042,23130011,AIML
TANMAY PRADHAN,kforrestall5k@csmonitor.com,2525904198,23110247,IT
NATASHA NAYAK,msleightholm5l@blogs.com,4195386915,23140005,Computer Science
PRANAB KUMAR NAYAK,spenvarne5m@shareasale.com,8772830619,23110108,Textile
NARESH ORAM,ritzhaki5n@mail.ru,8587726639,23110101,Electrical
LIPSHA MISHRA,vpoluzzi5o@merriam-webster.com,1517848123,23110017,E&IE
NISHANTA SAHOO,mbritt5p@sakura.ne.jp,6933384232,23110102,Mechanical
PRABODHA KUMAR NAYAK,apinard5q@europa.eu,6669890750,23110022,Electrical
PRITAM PARIDA,fdorrance5r@woothemes.com,2612639945,23110116,IT
MANAS RANJAN HANSDA,scarlill5s@canalblog.com,7187864364,23110099,Civil
ELLYNE LIMMA,kimlacke5t@bigcartel.com,9562072087,23110086,IT
DIVYAM GOUDA,nbarbary5u@ed.gov,5793827397,23110085,Mechanical
RUPALI DASH,fbodker5v@usda.gov,9814140368,23110028,E&IE
JIGISHA RANI NATH,mbelfit5w@youtube.com,9407184827,23110092,Mechanical
SHREEPRIYA SAHOO,nfairpool5x@examiner.com,5832977250,23110031,IT
PREESHA PATTNAIK,mendrici5y@kickstarter.com,9442458386,23110025,E&IE
SRIYASHREE PANIGRAHI,ufirmin5z@ebay.com,7319887175,23110034,BioTech
HRUSIKESH SETHY,gandraud60@clickbank.net,9899585205,23110089,IT
PRAKRUTI PATTNAIK,tdivis61@sogou.com,3991196055,23110107,Civil
PREM GANTA,adoncaster62@java.com,6732196310,23110113,Computer Science
NAMRATA JEE,kboddymead63@google.co.jp,4701813414,23110019,Electrical
SUBHRANSU SAHOO,ocortnay64@geocities.com,8664702238,23110036,AIML
SHIRIN AIND,ecornock65@mozilla.com,7162191864,23110030,Civil
JAYAPRAKASH SAMAL,nbassindale66@phoca.cz,6553140585,23110091,Ai & Robotics
PRAGYAN PRIYADARSINI PANDA,ndewane67@furl.net,2378617093,23110023,Mechanical
PRATIK SAMANTARAY,hdjorevic68@intel.com,3412099437,23110110,Ai & Robotics
PRATIK KUMAR CHHOTRAY,fcristofari69@quantcast.com,7864808927,23110109,Ai & Robotics
ADITYA MOHANTY,rgerry6a@imageshack.us,7721094312,23110040,Ai & Robotics
LIPSARANI PRUSTY,lkingsnoad6b@cmu.edu,4279627815,23110098,Civil
PRIYARANJAN SWAIN,sescalero6c@weibo.com,4744719756,23110121,Electrical
MOUSUMI RANI SAHU,chovy6d@scribd.com,1586859139,23110100,Textile
KIRAN TRIPATHY,eoselton6e@businessinsider.com,7049343956,23110095,AIML
NITYASHREE NIKUNJANI,bmoine6f@omniture.com,7438301641,23110103,Computer Science
PRINCE ANGARAI,nhickford6g@usda.gov,9533803860,23110114,Electrical
KARTTIK CHANDRA ROUT,pwermerling6h@booking.com,8758324500,23110094,Ai & Robotics
LAXMIPRIYA PANDA,mbinner6i@theatlantic.com,2349578801,23110097,Electrical
PRIYARANJAN ROUT,fyuryatin6j@hatena.ne.jp,2793645557,23110120,Textile
OM PRAKASH SUBUDHI,samies6k@narod.ru,2757842881,23110104,Computer Science
LAXMIPRIYA DIKHIT,pgotfrey6l@chicagotribune.com,8523442796,23110096,Civil
PRIYABRATA PATTNAIK,brigler6m@cnn.com,9721929491,23110118,AIML
PRIYA RANJAN DAS,gcoddrington6n@bandcamp.com,6257379678,23110117,Computer Science
PRATYUSH KUMAR JENA,bbirts6o@google.pl,7362983290,23110111,Ai & Robotics
IPSITA MAHARANA,jcancelier6p@ucsd.edu,9207539956,23110090,IT
RUDRESH KUMAR SINGH,nschindler6q@walmart.com,1021491115,23110128,BioTech
PRIYANSHU DASH,aportwain6r@miibeian.gov.cn,6105672189,23110119,BioTech
SONALI PALO,solanda6s@hugedomains.com,8146356139,23110149,Civil
VIKASH TUDU,tbaine6t@delicious.com,3874040204,23110186,IT
RAJASHREE PATEL,bciciotti6u@marriott.com,7282430422,23110227,Computer Science
SASWAT KUMAR SAHOO,hsertin6v@dagondesign.com,5657949345,23110139,IT
SHUBHABRATA DASH,pyeldon6w@photobucket.com,3187630526,23110144,Civil
ANSUMAN SATAPATHY,khalversen6x@constantcontact.com,6891069903,23110194,Computer Science
SMRUTI RANJAN NAYAK,acoxhell6y@cbsnews.com,9889523865,23110147,Civil
ADYASHA DAS,lcheetham6z@nyu.edu,1912503781,23110256,BioTech
TANMAYI KRISHNA,ftomasi70@census.gov,9775913341,23110183,AIML
ANKIT KUMAR,hhebard71@springer.com,7623392619,23110192,IT
SWATI SWETAPADMA SATPATHY,mle72@biglobe.ne.jp,2162277631,23110178,BioTech
ANIMESH NAYAK,gpinkett73@blogspot.com,6703809750,23110191,E&IE
DEEPESH KUMAR MISHRA,kslessar74@joomla.org,9366580628,23110265,BioTech
ROHAN PATTANAYAK,sgowling75@hp.com,7528739235,23110124,Civil
DIKSHYA MOHANTY,bwillden76@livejournal.com,1284943857,23110267,Mechanical
SOUMESH SABYASACHI PRADHAN,blavender77@tamu.edu,7298884411,23110150,Mechanical
CHINMAYEE PATRA,cdomenge78@github.com,5449243707,23110206,Civil
ARPIT PANDA,ecakebread79@sphinn.com,3708659529,23110196,E&IE
AYUSH RANJAN SAHOO,islayny7a@google.com.br,6592440840,23110203,Mechanical
SWADESH PRADHAN,nwyss7b@bing.com,4197600575,23110173,Textile
SOUMYAJIT KHATUA,mspinney7c@mysql.com,4248800540,23110154,Textile
DEEPAK KUMAR PANIGRAHI,cslatcher7d@canalblog.com,8883663594,23110208,Mechanical
SATYAPRIYA SENAPATI,lgenery7e@ftc.gov,3594149868,23110142,Civil
RITURAJ JENA,ktumelty7f@wunderground.com,9361786002,23110123,BioTech
SOUMYA RANJAN DEOGAM,blenton7g@cafepress.com,5276198785,23110152,AIML
TUSHAR RANJAN JENA,dbisgrove7h@ucoz.ru,9479031092,23110389,Electrical
AKASH RANJAN SAHU,sharkin7i@hao123.com,3904514925,23110335,IT
MANASI MAHARANA,apimlock7j@hp.com,6119333069,23110282,Electrical
SRIMANT MISHRA,mschimpke7k@soundcloud.com,6247554724,23110515,E&IE
KRISHNAPRIYA KARAN,ykrysztofiak7l@yellowbook.com,2061858654,23110214,Mechanical
SOUMYARANJAN DASH,nhansell7m@behance.net,1735669523,23110155,AIML
TANISHQUE RANBIDA,chammill7n@ifeng.com,4681945400,23110539,Mechanical
SURAJ CHAND,schater7o@elegantthemes.com,6411063404,23110169,BioTech
SOUMYAJIT PADHI,cstudart7p@parallels.com,7407961692,23110512,Civil
SWAPNA SAGARIKA MISHRA,bchaman7q@cbslocal.com,3403412031,23110175,Civil
SWABHIMAN PATRA,feubank7r@oracle.com,1887672760,23110531,IT
SMRUTI SOURAV PRADHAN,ltrevethan7s@list-manage.com,8098988597,23110507,AIML
AMIT KUMAR SAHOO,mleppington7t@mediafire.com,6778752808,23110338,Mechanical
ADITYA PRIYADARSHI SAHOO,ncropp7u@apple.com,4649730355,23110333,BioTech
SMARTA DEV,lhaswell7v@discovery.com,8449660566,23110506,AIML
SWASTIK PANDA,dbetton7w@google.ru,3011261764,23110534,Civil
SUBHAM MAJUMDAR,sfake7x@cbslocal.com,3217938466,23110163,AIML
LIPSITA MAHAPATRO,cnesby7y@apple.com,4406151656,23110281,BioTech
SWAHUM ROUT,hpercival7z@abc.net.au,2306341793,23110324,Mechanical
OMM PRAKASH SAHOO,gwilloughby80@bizjournals.com,2214323600,23110286,Ai & Robotics
SUBHRANSU SEKHAR PRADHAN,pmews81@sciencedirect.com,7684698765,23110167,Electrical
SAI SWATILAGNA NATH,cmattosoff82@japanpost.jp,9593002290,23110132,BioTech
DEBASIS MALLIK,wpeggrem83@gnu.org,4392355119,23110207,E&IE
ADARSHA KUMAR ACHARYA,hjanton84@etsy.com,9178885910,23110548,Electrical
PRABIN JENA,ppiddocke85@chicagotribune.com,6667145921,23110219,BioTech
SITARAM MAHALI,dyankeev86@usgs.gov,7526696217,23110146,E&IE
SWADHIN PRAKASH SETHI,llintot87@independent.co.uk,2156856305,23110174,Civil
ADHIKARI MANOHAR DASH,gdomelow88@chronoengine.com,6734635564,23110549,Computer Science
ABHISEK LENKA,hgrossier89@pagesperso-orange.fr,4918570338,23110187,Computer Science
SATYA PRAKASH PATRA,adavidowsky8a@google.co.uk,1338122684,23110231,Ai & Robotics
AKSHIT KUMAR SAHOO,dmudle8b@google.nl,5304225174,23110555,Electrical
ANSHUMAN SAHOO,babrahamoff8c@ocn.ne.jp,6273440786,23110193,Mechanical
ABHISHEK MOHAPATRA,fhousen8d@miitbeian.gov.cn,3665375484,23110394,AIML
SAI SATYAM,kwaby8e@prlog.org,2891202812,23110131,Electrical
ARYAN PRADHAN,hcurson8f@devhub.com,8365180288,23110197,IT
AYUSHMAN JENA,msprulls8g@oakley.com,2901380499,23110419,BioTech
SAMBIT KUMAR SAHOO,lnickolls8h@list-manage.com,9101453444,23110135,Mechanical
ASHUTOSH MARTHA,kgouny8i@imdb.com,5107141052,23110416,Electrical
ADWAIT PRASAD PANDA,lsanders8j@dot.gov,7915294805,23110551,Mechanical
SUBHAM DIGAL,dpieter8k@examiner.com,2393617329,23110518,Mechanical
PRIYABRATA BEHERA,ctire8l@webmd.com,8349498918,23110225,E&IE
ALOK PAGADA,ocashell8m@guardian.co.uk,9637228284,23110336,Textile
AYUSHMAN PANDA,lpessolt8n@list-manage.com,5007347107,23110204,Civil
SUBHANKAR NAYAK,bwebburn8o@pagesperso-orange.fr,2756755479,23110165,Textile
AARON ARYAJYOTI,pdupree8p@deliciousdays.com,1449323988,23110328,BioTech
ASHRAYA DAS,iradki8q@hugedomains.com,8287639108,23110343,IT
GOBINDA MURMU,ksaintsbury8r@marriott.com,5561693494,23110210,Civil
AYUSHMAN SAHU,hbrahmer8s@hc360.com,6444955802,23110420,Electrical
ANANYA KUMAR DAS,sbulman8t@answers.com,8701817674,23110405,BioTech
SUBHAM PRADHAN,jraffin8u@cyberchimps.com,7679380754,23110519,Mechanical
PRIYANKA MALLIK,darnal8v@home.pl,5293477571,23110226,BioTech
JOYSHIS BARICK,acopes8w@hud.gov,2399409195,23110213,Computer Science
APARNA PRIYANSHU MOHANTA,aolochan8x@google.ca,5676611035,23110559,Electrical
PRINCE BEURIA,dparrish8y@people.com.cn,7541512467,23110224,IT
BISMAY MANDAL,gpatterfield8z@newsvine.com,2319848335,23110349,Civil
KHIROD BEHERA,ocomport90@jalbum.net,3964560070,23110278,Mechanical
SANJEET KUMAR SABUT,rriguard91@smh.com.au,7292401126,23110301,Textile
SWARNAMAYEE SNEHAPURNA,dryburn92@reddit.com,2597887915,23110176,AIML
SHYAM SUNDAR SOREN,lszymon93@ow.ly,5362734329,23110310,Electrical
SUBRAT MOHAPATRA,ubilsborrow94@archive.org,3017969595,23110168,Mechanical
SUBHASIS OJHA,bhorning95@nature.com,4192233522,23110521,IT
AMIT KUMAR GARANAYAK,mcropper96@yahoo.com,4071740515,23110189,Civil
SUBHRANSU SEKHAR DASH,rmartinot97@youtube.com,8173067126,23110166,Textile
SUDHRUTI MOHANTY,ypittwood98@nyu.edu,8692903095,23110525,Mechanical
PRITI PRATYUSH MOHAPATRA,croblou99@irs.gov,6641569795,23110363,Civil
SHRUTI SAMEEKSHYA DEHURY,cskamell9a@disqus.com,5921514816,23110234,Ai & Robotics
ANUPAM MAHAPATRA,wparnaby9b@google.pl,6841547671,23110195,Electrical
SUVRAJIT SWAIN,bfransinelli9c@accuweather.com,5867490942,23110171,IT
SOUMYAJEET BEHERA,nbahia9d@psu.edu,4621641614,23110373,Textile
TEJASVA KANT SAINI,iyellowlees9e@chronoengine.com,6282580675,23110541,AIML
SHIBRAJ SING,kpetrik9f@irs.gov,9164151257,23110143,Computer Science
TRINATH BISWAL,cjedrzejewsky9g@unicef.org,3678125207,23110184,AIML
SHRITAM BEHERA,zlarner9h@hugedomains.com,6113996665,23110499,AIML
NIKHIL TIRIYA,lputson9i@toplist.cz,2202942842,23110455,E&IE
SAYANSHREE MOHAPATRA,knann9j@sitemeter.com,6898381908,23110233,AIML
SWAYAM SUBHAM DAS,bkohnemann9k@angelfire.com,1785054669,23110536,AIML
K OM SENAPATI,erikkard9l@domainmarket.com,3281947193,23110275,Computer Science
SUBHRA SWETA DASH,whodinton9m@plala.or.jp,7389189033,23110522,Electrical
A S BIGHNESWAR,amcfall9n@nifty.com,1252301730,23110547,Mechanical
SUVAM SWAROOP,jjindracek9o@netscape.com,8905926445,23110530,BioTech
SATYAJIT PATRA,vsuttaby9p@wordpress.org,9123032751,23110496,BioTech
SWASTIK RANJAN PANIGRAHI,apantridge9q@icio.us,3868846297,23110535,Textile
R.H.ARIJIT,gbrimman9r@blog.com,4111444056,23110296,Textile
AVRIL XALXO,ewyke9s@g.co,8892734760,23110418,Electrical
SATYAPRAKASH NAIK,jellett9t@wordpress.org,9981406069,23110307,Civil
TEJASWINI MAJHI,ggorvette9u@berkeley.edu,7414930754,23110542,Textile
RAJA BISOYI,cbarenskie9v@dion.ne.jp,7497267436,23110477,IT
SUBHALAXMI ACHARYA,mjeans9w@patch.com,9754542679,23110517,IT
AMARJYOTI DAS,tlexa9x@wikia.com,3157618357,23110337,Civil
PRITI PARNA PRADHAN,yfirbanks9y@youtube.com,6469456963,23110472,Computer Science
PRAJNA NAYAK,vyushkov9z@csmonitor.com,2177296594,23110465,E&IE
TEJASWINI THAMB,shardena0@comsenz.com,1635705229,23110388,Electrical
BAIBHAB PRADHAN,bearthfielda1@360.cn,4705857367,23110346,E&IE
POOJA RANI ROUTA,smundlea2@indiatimes.com,1958041004,23110357,Civil
S ARYAN DAS,gwrighthama3@va.gov,6313832004,23110365,Mechanical
SK NUMAN,tmorettoa4@europa.eu,6249907134,23110372,Ai & Robotics
ADITYA SAMANTARAY,kmacconchiea5@goo.gl,6587646805,23110334,Textile
SANDEEP MISHRA,cvasicheva6@cdbaby.com,3396405256,23110489,E&IE
HITESH BISWAL,ecommandera7@icio.us,1124406646,23110442,Electrical
PRIYANKA PRIYADARSHINI PRUSTY,siverya8@washingtonpost.com,9608741616,23110474,Civil
PRAYASH KANTA SAHOO,alareda9@craigslist.org,7197408061,23110470,BioTech
ASHUTOSH DASH,mstallardaa@japanpost.jp,6742459378,23110415,Ai & Robotics
HITESH MISHRA,sberdaleab@gravatar.com,5925907787,23110353,Textile
SOUMYA SRICHANDAN,cpowleslandac@youtube.com,9452507096,23110511,Ai & Robotics
SUJATA MURMU,aclayad@jigsy.com,9035165729,23110526,Civil
TAMANNA PANDA,ecrouchae@stumbleupon.com,3325721317,23110537,Ai & Robotics
SWASTI SATAKSHI MAHAPATRA,hmcgrahaf@facebook.com,5171952733,23110383,Ai & Robotics
SOVAN KUMAR MOHAPATRA,mgeallag@ucoz.ru,9423844428,23110315,Mechanical
ANSHUMAN ADITYA DASH,sleylandah@cocolog-nifty.com,7196057895,23110408,AIML
SRITOM MOHANTY,amallinderai@google.nl,6356189095,23110316,E&IE
SUBHAJIT BEHERA,bdanielsaj@whitehouse.gov,6611796952,23110516,AIML
DHANANJAY CHOUDHURY,bdyballak@mediafire.com,3794015628,23110568,Textile
ADARSH SWAIN,cbrosial@google.es,5187858386,23110395,Ai & Robotics
PADMINI NAYAK,wcurroram@msn.com,3577310468,23110461,Electrical
PRATEEK MISHRA,dcouthardan@fc2.com,3954948247,23110291,Computer Science
KRITIKA TANDY,lsawerao@salon.com,9848455760,23110280,Computer Science
SALONI MOHAPATRA,smunnisap@g.co,2999633536,23110299,Ai & Robotics
BIPUL BIKASH,bwitheyaq@lycos.com,4811890046,23110427,BioTech
PRIYANSHU DASH,pjancyar@who.int,7297851234,23110475,Civil
MAMASWARI HEMBRAM,idolderas@exblog.jp,6651137761,23110450,AIML
SUBHASIS ROUT,tdearlepalserat@mlb.com,2894603438,23110318,Computer Science
KRITISH MOHAPATRA,ttornsau@oracle.com,8445156753,23110448,E&IE
AJAYA GOUDA,mhaibelav@printfriendly.com,9713657619,23110552,E&IE
SUMAN SUBHRA CHANDAN SETHY,mlacrouxaw@slideshare.net,1645619819,23110321,AIML
SIWOM PRASAD,ccanadaax@squarespace.com,7131006418,23110505,Ai & Robotics
PRIYADARSHINI SAHANI,bgimberay@rakuten.co.jp,9423276415,23110293,IT
ANUBHAB GHOSH,sdavidovskyaz@macromedia.com,9342223521,23110341,Civil
SWARAJ MOHANTY,alushb0@japanpost.jp,8997231297,23110533,AIML
BISHNUPRIYA BHOI,agarritleyb1@abc.net.au,7298920756,23110428,E&IE
SOUVIK BASURI,bdennittsb2@abc.net.au,8281169586,23110514,IT
TIRTHES KUMAR JENA,cfeaverb3@examiner.com,4215133195,23110545,Textile
SIDHARTH PRUSTY,jmilleyb4@fastcompany.com,6191651572,23110501,AIML
KSHIRA SAGAR KALO,akleeweinb5@pbs.org,9957503161,23110449,BioTech
PRUTHWIRAJ SANIBIGRAHA,ejadob6@goo.ne.jp,3055317415,23110295,Computer Science
DEEPAK KUMAR PRADHAN,mfedynskib7@yellowpages.com,3011182908,23110567,BioTech
AMOGH BARDHAN DASH,rpatelb8@ask.com,7039633423,23110340,Computer Science
ABHIPSHA RANI NAIK,mandriolib9@gmpg.org,2009710393,23110393,BioTech
PRIYANKA PRIYADARSHANI SAHOO,mgrigsba@state.tx.us,4845321580,23110473,Computer Science
SUSHREE SANGITA SAHOO,lholtombb@java.com,2189844387,23110323,Computer Science
ADITYA NARAYAN SAHOO,dhollingbybc@slideshare.net,6036565589,23110332,BioTech
SHREEANSH PANDA,rrobinsbd@opera.com,1195784578,23110369,Textile
SUBHAM JENA,lpfliegerbe@hibu.com,7406748173,23110375,AIML
DEEPALI BHUMIJ,lbeaulieubf@yahoo.co.jp,4803038100,23110436,Electrical
PARTHASARATHI RANA,shickeringillbg@comcast.net,8699574435,23110463,IT
OMMKAR PATTNAIK,mdearanbh@ibm.com,2169547143,23110287,IT
ADITI NAYAK,kkilfoylebi@blogtalkradio.com,9156787171,23110331,Civil
BISHNU MAJHI,lmckirdybj@sakura.ne.jp,2579516462,23110348,BioTech
RASHMI RANJAN DAS,ataintonbk@nih.gov,8592667487,23110481,AIML
ABHIJIT PANDA,cbleacherbl@mtv.com,9399925944,23110392,IT
UDIT KUMAR SAHU,rchengbm@ehow.com,4223035849,23110390,AIML
TANMAYA SAHOO,ebradnockbn@dot.gov,4861205846,23110540,Civil
ARCHITA SWAIN,ehamsherbo@liveinternet.ru,6481588272,23110412,Electrical
SOUMYASHREE BISWAL,mdenisovobp@merriam-webster.com,7302290480,23110513,IT
SATWIK SAI PRAKASH SAHOO,ekwiekbq@creativecommons.org,2154726211,23110494,AIML
ANISH BHARADWAJ,hstannasbr@blogger.com,4924098779,23110558,BioTech
RASHMI RANJAN CHOUDHURY,ddenisobs@webeden.co.uk,5895771814,23110480,Mechanical
RONAK KUMAR MAJHI,dgiannazzobt@about.com,7594651192,23110364,IT
BHAKTI MOHANTY,adibu@examiner.com,7133600696,23110422,BioTech
RANJAN BESRA,bkonmannbv@usda.gov,4385905759,23110479,AIML
SIDDHARTH PRIYANSHU,nbaumerbw@list-manage.com,9192947054,23110500,Mechanical
AKASH KUMAR,koxshottbx@cnet.com,4498238195,23110401,Textile
TANISHA RATH,bbruteby@hhs.gov,3153768922,23110538,BioTech
SAHIL TRIPATHY,cgrationbz@twitpic.com,5514752409,23110298,Mechanical
BISHAL PATTANAIK,gcayzerc0@mtv.com,6544945907,23110563,BioTech
SHREEKSHETRA TUDU,lkleingrubc1@berkeley.edu,5838166845,23110498,AIML
MUSKAN SHRADHA SAMAL,afleyc2@cnn.com,2849745364,23110454,BioTech
DEEPAK KUMAR DORA,fbartletc3@jugem.jp,1091702920,23110435,BioTech
SUBHAM SANTOSH BISWAL,bjegerc4@bigcartel.com,7914789919,23110376,Electrical
PARITOSH RATH,jdexterc5@telegraph.co.uk,8565304388,23110462,Civil
ADITYA KESHARI BHANJA DEO,arostonc6@cafepress.com,2358344789,23110398,Civil
ANSUMAN SAMAL,mohdirscollc7@reference.com,6452660716,23110410,Mechanical
SHUBHRANSHU SEKHAR DALAI,jgricec8@sohu.com,9762418283,23110309,BioTech
PRATYUSH KUMAR SWAIN,ificec9@fastcompany.com,2163824472,23110360,Civil
CHINNARI MATARISWA PATRO,rspillardca@ca.gov,6712001313,23110566,E&IE
SAHIL SAROWN KUJUR,bruselincb@cbc.ca,7733914758,23110485,E&IE
SARBESWAR PANDA,mrivelincc@globo.com,1829391002,23110491,BioTech
SANTANU SINGH,vbuchercd@amazonaws.com,8613687409,23110490,Electrical
IPSITA JENA,jchatce@wired.com,7447259146,23110444,Textile
DINESH KUMAR SAHOO,setchinghamcf@istockphoto.com,4039763536,23110438,IT
IPSITA MOHANTY,ebeniancg@china.com.cn,3581421282,23110569,E&IE
SANJIB KUMAR PANDA,pallgoodch@go.com,7628201011,23110367,Computer Science
SUBRAT MOHARANA,jpetreczci@rakuten.co.jp,7634565243,23110378,Computer Science
RAHUL PRADHAN,ecavecj@pinterest.com,2033137163,23110476,Mechanical
P MOHAN REDDY,mblasonick@who.int,1543750480,23110288,Civil
PRAGNYA PRANATI DAS,aforrecl@woothemes.com,6359328510,23110358,Ai & Robotics
MUSKAAN HABIB,jkytleycm@chicagotribune.com,4422262598,23110453,Electrical
KHUSHI MANDAL,tsiegecn@storify.com,6352989191,23110279,Ai & Robotics
OMM PRAKASH SAHOO,nbinningco@pbs.org,7142338020,23110460,E&IE
SATCHIT SWAIN,amansercp@furl.net,2605006509,23110493,IT
SOURAV BEHERA,mbarbourcq@chicagotribune.com,7191179244,23110374,Mechanical
SHREYANS DAS,idavidoucr@sun.com,6744979383,23110370,Electrical
RISHU SINGH,cduplockcs@usgs.gov,2977788645,23110482,BioTech
GRUHALAXMI SUNA,adaubneyct@ebay.co.uk,5228685418,23110441,Mechanical
PRATYUSH KUMAR BARLA,mpratleycu@ow.ly,5463248466,23110466,AIML
SAMRAT KESHARI PATRI,apuntoncv@blogs.com,1426516000,23110487,Textile
SAGUN HANSDAH,jochterloniecw@imdb.com,4878301001,23110484,Computer Science
AUYASH DASMOHAPATRA,nburnupcx@imgur.com,6026370971,23110345,BioTech
SUBHAMJYOTI PRADHAN,rshaylorcy@guardian.co.uk,3755278104,23110520,Computer Science
SUSHOBHAN NAYAK,cshelbornecz@amazon.co.uk,2433138455,23110529,E&IE
SANDEEP KUMAR MOHANTA,degaltond0@ted.com,7972598098,23110488,BioTech
TEJASWINI NAYAK,afibbend1@mail.ru,1449653759,23110543,BioTech
OM ANSUMAN DEHERI,ghumbyd2@simplemachines.org,9287651062,23110458,Electrical
ARUNDHATI PADHI,vgarfirthd3@harvard.edu,1567415329,23110413,BioTech
KARANAM PRASANT,flamied4@scribd.com,3494340424,23110276,Ai & Robotics
BADRI NARAYAN MISHRA,epoveleyed5@timesonline.co.uk,1849669353,23110421,AIML
ALOK KERKETTA,mjollandsd6@theglobeandmail.com,3956919935,23110556,E&IE
SNEHAL PRADHAN,dpetkovicd7@fc2.com,4095497998,23110509,Ai & Robotics
SAVYA RAJ,lpotteridged8@trellian.com,9427247011,23110497,Textile
ADITYA ARYAN BEHERA,clongbottomd9@marriott.com,7789740854,23110397,BioTech
ARPITA DAS,rkeddyda@people.com.cn,7511390039,23110560,Textile
ANANYA SUBHADARSINI,bvandb@istockphoto.com,5855836232,23110406,Civil
ANKIT KUMAR SINGH,btewelsondc@eepurl.com,8128548316,23110407,Textile
SURYA NARAYAN DASH,rchevisdd@umn.edu,4552399351,23110322,IT
ARADHANA KAR,bduplande@technorati.com,3949772294,23110411,E&IE
TANAB NARAYAN DAS,mchalcraftdf@opensource.org,3561483396,23110385,Mechanical
BHIMA MAJHI,ijahandg@shareasale.com,8314867033,23110423,Civil
MOUSUMI MUDULI,roldisdh@marketwatch.com,3641814782,23110355,Electrical
SURYA KANTA BARIK,cheinldi@ucsd.edu,1925302256,23110527,BioTech
AMITESH KUMAR SAMAL,iskonesdj@toplist.cz,6557261722,23110339,AIML
PRATYUSH PARIDA,meltundk@accuweather.com,1797270390,23110467,Mechanical
PRINCE KUMAR SAHOO,rbrownliedl@mozilla.com,7002484468,23110362,Mechanical
ABHISHEK DORA,omacduffdm@delicious.com,3889777596,23110329,Ai & Robotics
MANOJ KUMAR PANIGRAHI,sferronierdn@ox.ac.uk,4747273135,23110283,Mechanical
NITISH KUMAR MUNDA,jmorguedo@netvibes.com,7343536616,23110456,AIML
SUDHIR KUMAR PANDA,wplaxtondp@redcross.org,1735841056,23110524,Textile
ISHAN KRISHNA DAS,descofierdq@biglobe.ne.jp,2331149120,23110445,BioTech
BIDISHA MAITI,ksayesdr@oracle.com,9662100031,23110425,Ai & Robotics
PIYUSH NANDA,atrassds@blogs.com,7838188531,23110356,Electrical
S JASMIT,bcanlindt@vkontakte.ru,9141884107,23110483,AIML
PRATYUSH GHOSH,ksallerydu@dyndns.org,3646649486,23110359,Civil
BIPASHA PRIYADARSANI SAHU,mgaskerdv@webnode.com,3854700448,23110426,Textile
SUBASISH JENA,bagneydw@tinyurl.com,1795804111,23110317,Ai & Robotics
AKASH PRADHAN,cbouldendx@craigslist.org,5024292823,23110402,Computer Science
ADITYA SAHU,oglamartdy@si.edu,2535659169,23110400,Mechanical
SIGMA SUMAN DHAL,lrealphdz@comcast.net,6699759288,23110502,AIML
SUSHREE SANGEETA PATRA,mmillette0@trellian.com,5434221922,23110380,IT
SATYABRATA PRADHAN,cwornere1@ebay.co.uk,4813240307,23110495,Ai & Robotics
SASWAT JENA,lmcconaghye2@opensource.org,6376021973,23110492,Textile
SAMBIT MOHAPATRA,khartelle3@tripod.com,8651747851,23110486,Mechanical
PRATYUSH RAY,rgorickee4@yahoo.com,7854249593,23110468,IT
SOMEN SUBHADIP ROUT,pfinnemoree5@reuters.com,3067560949,23110312,Computer Science
AKANKHYA SAHU,qthunnerclefe6@soundcloud.com,4891368601,23110553,IT
SUJALL MOHAPATRA,kcaustone7@ihg.com,5611286115,23110320,Mechanical
ASHWINI JAIPURIA,kninottie8@berkeley.edu,1776399483,23110561,BioTech
AMIT KUMAR BARIK,hmattene9@rakuten.co.jp,9154142198,23110403,IT
AKASH RATH,mbolgerea@wikimedia.org,6928604357,23110554,Mechanical
PRIYANSHU HEMBRAM,pwalkdeneb@alibaba.com,8296077937,23110294,Electrical
SWABHIMAAN MAHARANA,bmarinerec@pcworld.com,5606165950,23110381,IT
VIVEKANANDA GURU,mfermored@amazon.com,2908102060,23110327,E&IE
CH PUJITA ACHARY,stueree@oakley.com,8771851534,23110564,IT
SIMRAN PALAI,dhusbyef@ehow.com,3204589021,23110311,Ai & Robotics
PRATYUTPARNA DAS,fhackingeeg@weibo.com,8779287449,23110469,Electrical
SNEHA MOHANTY,kkingeh@loc.gov,4866628497,23110508,Electrical
ANSHUMAN PATTNAIK,jgladwellei@ifeng.com,4022417023,23110409,Textile
HARAPRIYA GOCHHAYAT,garthanej@vimeo.com,2246307174,23110352,E&IE
PREETIS KUMAR MISHRA,aheineckeek@tuttocitta.it,8128277246,23110471,Ai & Robotics
SATYA SARATHI DAS,fcardenasel@ehow.com,6972251502,23110304,Mechanical
ASHISH XALXO,sdeardenem@storify.com,1316288829,23110414,Computer Science
SIRSHOK SUNDAR RAY,hmcmeekinen@bravesites.com,7178764273,23110504,Ai & Robotics
SIKHYAJYOTI PALAI,mbuxceyeo@mayoclinic.com,9141986089,23110503,Computer Science
BOBY KUMAR RAM,breekenep@bloomberg.com,4071166976,23110429,AIML
ADITYA NARAYAN PATI,dvaneq@nsw.gov.au,2175122338,23110399,IT
OM SATYAM DEY,jstatoner@digg.com,5126160104,23110285,Civil
SATYAJIT SAHOO,summfreyes@jiathis.com,6171115951,23110306,E&IE
ADITEE SAMAL,cbroadwoodet@latimes.com,7343351812,23110396,Electrical
UPENDRA MURMU,dduerdeneu@blogger.com,3772132217,23110325,AIML
SOUMYA RANJAN PATRA,tbuddenev@so-net.ne.jp,6039547017,23110510,Electrical
TEJASWINI PARIDA,rhyndleyew@sohu.com,3705371590,23110544,AIML
SOUMYA SAGAR NAYAK,eglennardex@netlog.com,1992621497,23110314,BioTech
RAKESH SAHU,cpieperey@kickstarter.com,5854070559,23110297,BioTech
SHUVAM NAYAK,gmcfaulez@mlb.com,6473796522,23110371,E&IE
TANISHA DASH,jorneblowf0@freewebs.com,1528972606,23110386,E&IE
ADITYA NAYAK,klusheyf1@jiathis.com,7618908685,23110550,Electrical
SUBHRANSU TRIPATHY,rapsf2@si.edu,3226061811,23110523,Textile
OISHI SEN,bneedf3@jimdo.com,3207573210,23110457,Ai & Robotics
AMITOSH PANDA,cnewcombef4@cisco.com,2029264395,23110404,Computer Science
OM SHREE BISWAPRAKASH,bchasenf5@com.com,3184696170,23110459,AIML
SOUMYA SAFALLYA SAHOO,cmcgeachyf6@symantec.com,5036863937,23110313,Computer Science
SWARN KUMAR,vsapenaf7@google.es,5912905449,23110382,Mechanical
IPESH KUMAR SAHU,svautref8@wunderground.com,7206181282,23110443,IT
SWAGAT SWARUP GADTIA,aatrillf9@bbb.org,7645968002,23110532,BioTech
RAJESH KUMAR LENKA,lbainbriggefa@de.vu,9333271962,23110478,Computer Science
DINESH KUMAR SAHOO,dtibolsfb@hp.com,6484641077,23110439,Textile
SAMIKHYA PANIGRAHI,bdouchefc@yelp.com,4939335305,23110300,IT
SUBHASHIS MISHRA,eradishfd@wordpress.org,9365141192,23110377,BioTech
SANGITA LENKA,ilourensfe@mapquest.com,3267590758,23110366,Computer Science
JATIN MAJHI,dduffillff@imdb.com,3477853561,23110354,Computer Science
DEBANSHI PARIDA,alayusfg@ftc.gov,3793771778,23110433,BioTech
ATMAN BEHERA,tdemefh@uol.com.br,5072656130,23110417,Electrical
ASHISH KUMAR MUNDA,pjeppensenfi@amazon.de,3841175049,23110342,Ai & Robotics
CH SUSIL KUMAR SUBUDHI,cborlesfj@joomla.org,3113095718,23110565,Ai & Robotics
UJJWAL KESHRI,csiddelefk@ucsd.edu,8463146698,23110546,E&IE
GOURAHARI DWIBEDI,aspurwayfl@youku.com,5163897143,23110440,E&IE
BIGHNESH KUMAR DAS,dboshardfm@scribd.com,3849485575,23110347,BioTech
SUBHASISH BEHERA,mglavinfn@epa.gov,3548171026,23110319,AIML
PRERANA PUNYAKANKSHI,fmurchfo@redcross.org,8387162177,23110361,Ai & Robotics
BHUPEN KESHARI BHUMIJ,smagogfp@sina.com.cn,7378520879,23110424,E&IE
JAGDISH RANJAN BAL,mbartolomeazzifq@weibo.com,3265540174,23110446,Textile
SUDHANSU KUJUR,sforestelfr@booking.com,7191789558,23110379,BioTech
AYUSH KUMAR MISHRA,amclisefs@timesonline.co.uk,3102358236,23110562,Mechanical
SANTOSH SAMAL,smarryattft@oracle.com,8941220548,23110302,IT
TANUSHREE SAHOO,rbesnardeaufu@privacy.gov.au,5278942549,23110387,Civil
PRADYUSH KUMAR JENA,mbroughtonfv@topsy.com,7679108216,23110464,Ai & Robotics
ASHUTOSH DASH,dgierokfw@edublogs.org,8862883814,23110344,Ai & Robotics
DEBANSHU PANDA,jmatzenfx@globo.com,4962992218,23110434,IT
ANAND AMREET KAMILLA,whexhamfy@ow.ly,2467840993,23110557,Civil
PRASANTA MOHANTY,bblakelockfz@google.ru,8512162714,23110290,Electrical
CHANDU HEMBRAM,otokeg0@goo.ne.jp,2401374052,23110430,IT
DEVJEET BEHERA,crippeng1@xinhuanet.com,9112474791,23110437,Ai & Robotics
BISWAJIT PRADHAN,mquarryg2@tmall.com,7272343226,23110350,Ai & Robotics
PRABHUPRATIK PATTANAIK,ngreevesong3@eventbrite.com,2963765456,23110289,Textile
GAYATRI DAS,hingreg4@t.co,8086167474,23110351,Computer Science
MONALISA MALIK,dlimpertzg5@springer.com,3017821804,23110451,Mechanical
KETAN MOHANTY,ryegorchenkovg6@mediafire.com,7504054416,23110277,E&IE
ADARSHA NATIA,cthurlingg7@umich.edu,9965691102,23110330,AIML
VIBHA MISHRA,ssimionatog8@yelp.com,5932739088,23110326,E&IE
CHIKESH TRIPATHY,aballochg9@github.com,2499911955,23110431,Ai & Robotics
MOUSUMI NAIK,lstraffordga@purevolume.com,5635124624,23110284,E&IE
SWATI SWAGATIKA PRIYADARSHINI,lpadgettgb@discuz.net,1088814806,23110384,Computer Science
SHAAN SIDHARTHA PARIDA,epipworthgc@cisco.com,7825642848,23110368,IT
JYOTIPRAKASH SAHOO,gkefordgd@desdev.cn,4574660837,23110447,Ai & Robotics
SURYANARAYANA SAHOO,phowroydge@phpbb.com,4114956203,23110528,Mechanical
SASANK SEKHAR BISOYI,btimbygf@jigsy.com,7983037743,23110303,Ai & Robotics
SATYAJIT DAS,vpartletongg@nbcnews.com,3341310095,23110305,E&IE
PRATIKSHYA PRIYADARSHINI,pdoveygh@google.it,9376794536,23110292,Civil
SHIVA PRASAD SAHOO,fcotteygi@nps.gov,7383639230,23110308,E&IE
ANUSKA PRADHAN,cdegj@51.la,9873893011,23130002,BioTech
DEBADUTTA PATEL,hbrookesgk@booking.com,6384489057,23110432,IT
AADYAASHRITAA NANDA,lbowleygl@google.it,4951269421,23110391,Computer Science
MUKESH KUMAR DALAI,hklempkegm@europa.eu,2468768170,23110452,Civil
Paule Tye,ptyegn@samsung.com,1033924307,600,E&IE